,,,,,,,,,,,,,,,,,,,,,,,,,,,,,,,,,,,,,,,,,,,,,,,,,,,,,,,,,,,,,,,,,,,,,,,,,,,,,,,,,,,,,,,,,,,,,,,,,,,,,,,,,,,,,,,,,,,,,,,,,,,,,,,,,,
,,,,,,,,,,,,,,,,,,,,,,,,,,,,,,,,,,,,,,,,,,,,,,,,,,,,,,,,,,,,,,,,,,,,,,,,,,,,,,,,,,,,,,,,,,,,,,,,,,,,,,,,,,,,,,,,,,,,,,,,,,,,,,,,,,
,,,,,,,,,,,,,,,,,,,,,,,,,,,,,,,,,,,,,,,,,,,,,,,,,,,,,,,,,,,,,,,,,,,,,,,,,,,,,,,,,,,,,,,,,,,,,,,,,,,,,,,,,,,,,,,,,,,,,,,,,,,,,,,,,,
,,,,,,,,,,,,,,,,,,,,,,,,,,,,,,,,,,,,,,,,,,,,,,,,,,,,屏東縣,,,,,,,,,,,,,,,,,,,,,,,,,,,,,,,,,,,,,,,,,,,,,,,,,,,,,,,,,,,,,,,,,,,,,,,,,,,,,,
,,,,,,,,,,,,,,,,,,,,,,,,,,,,,,,,,,,,,,,,,,,,,,,屏東縣,屏東縣,,,屏東縣,屏東縣,,,,,,,,,,,,,,,,,,,,,,,,,,,,,,,,,,,,,,,,,,,,,,,,,,,,,,,,,,,,,,,,,,,,,,,,,,,,,,
,,,,,,,,,,,,,,,,,,,,,,,,,,,,,,,,,,,,,,,,,,,,,,,屏東縣,屏東縣,屏東縣,屏東縣,屏東縣,屏東縣,,,,,,,,,,,,,,,,,,,,,,,,,台東縣,,,,,,,,,,,,,,,,,,,,,,,,,,,,,,,,,,,,,,,,,,,,,,,,,,,,,
,,,,,,,,,,,,,,,,,,,,,,,,,,,,,,,,,,,,,,,,,,,,,,,屏東縣,屏東縣,屏東縣,屏東縣,屏東縣,屏東縣,,,,,,,,,,,,,,,,,,,,,,,,,台東縣,,,,,,,,,,,,,,,,,,,,,,,,,,,,,,,,,,,,,,,,,,,,,,,,,,,,,
,,,,,,,,,,,,,,,,,,,,,,,,,,,,,,,,,,,,,,,,,,,,,,屏東縣,屏東縣,屏東縣,屏東縣,屏東縣,屏東縣,屏東縣,屏東縣,,,,,,,,,,,,,,,,,,,,,,台東縣,台東縣,,,,,,,,,,,,,,,,,,,,,,,,,,,,,,,,,,,,,,,,,,,,,,,,,,,,,,
,,,,,,,,,,,,,,,,,,,,,,,,,,,,,,,,,,,,,,,,,,,,,,屏東縣,屏東縣,屏東縣,屏東縣,屏東縣,屏東縣,屏東縣,屏東縣,,,,,,,,,,,,,,,,,,,,,台東縣,台東縣,台東縣,台東縣,,,,,,,,,,,,,,,,,,,,,,,,,,,,,,,,,,,,,,,,,,,,,,,,,,,,,
,,,,,,,,,,,,,,,,,,,,,,,,,,,,,,,,,,,,,,,,,,,,,,屏東縣,屏東縣,屏東縣,屏東縣,屏東縣,屏東縣,屏東縣,屏東縣,,,,,,,,,,,,,,,,,,,,台東縣,台東縣,台東縣,台東縣,,,,,,,,,,,,,,,,,,,,,,,,,,,,,,,,,,,,,,,,,,,,,,,,,,,,,,
,,,,,,,,,,,,,,,,,,,,,,,,,,,,,,,,,,,,,,,,,,,,,,屏東縣,屏東縣,屏東縣,屏東縣,屏東縣,屏東縣,屏東縣,屏東縣,,,,,,,,,,,,,,,,,,,,台東縣,台東縣,台東縣,台東縣,,,,,,,,,,,,,,,,,,,,,,,,,,,,,,,,,,,,,,,,,,,,,,,,,,,,,,
,,,,,,,,,,,,,,,,,,,,,,,,,,,,,,,,,,,,,,,,,,,,,,,屏東縣,屏東縣,屏東縣,屏東縣,屏東縣,屏東縣,屏東縣,,,,,,,,,,,,,,,,,,,,,,,,,,,,,,,,,,,,,,,,,,,,,,,,,,,,,,,,,,,,,,,,,,,,,,,,,,,,,
,,,,,,,,,,,,,,,,,,,,,,,,,,,,,,,,,,,,,,,,,,,,,,屏東縣,屏東縣,屏東縣,屏東縣,屏東縣,屏東縣,屏東縣,屏東縣,,,,,,,,,,,,,,,,,,,,,,,,,,,,,,,,,,,,,,,,,,,,,,,,,,,,,,,,,,,,,,,,,,,,,,,,,,,,,
,,,,,,,,,,,,,,,,,,,,,,,,,,,,,,,,,,,,,,,,,,,,,,屏東縣,屏東縣,屏東縣,屏東縣,屏東縣,屏東縣,屏東縣,屏東縣,,,,,,,,,,,,,,,,,,,,,,,,,,,,,,,,,,,,,,,,,,,,,,,,,,,,,,,,,,,,,,,,,,,,,,,,,,,,,
,,,,,,,,,,,,,,,,,,,,,,,,,,,,,,,,,,,,,,,,,,,,,,屏東縣,屏東縣,屏東縣,屏東縣,屏東縣,屏東縣,屏東縣,屏東縣,,,,,,,,,,,,,,,,,,,,,,,,,,,,,,,,,,,,,,,,,,,,,,,,,,,,,,,,,,,,,,,,,,,,,,,,,,,,,
,,,,,,,,,,,,,,,,,,,,,,,,,,,,,,,,,,,,,,,,,,,,,屏東縣,屏東縣,屏東縣,屏東縣,屏東縣,屏東縣,屏東縣,台東縣,屏東縣,,,,,,,,,,,,,,,,,,,,,,,,,,,,,,,,,,,,,,,,,,,,,,,,,,,,,,,,,,,,,,,,,,,,,,,,,,,,,
,,,,,,,,,,,,,,,,,,,,,,,,,,,,,,,,,,,,,,,,,,,,,屏東縣,屏東縣,屏東縣,屏東縣,屏東縣,台東縣,台東縣,台東縣,台東縣,,,,,,,,,,,,,,,,,,,,,,,,,,,,,,,,,,,,,,,,,,,,,,,,,,,,,,,,,,,,,,,,,,,,,,,,,,,,,
,,,,,,,,,,,,,,,,,,,,,,,,,,,,,,,,,,,,,,,,,,,,,屏東縣,屏東縣,屏東縣,屏東縣,屏東縣,台東縣,台東縣,台東縣,台東縣,,,,,,,,,,,,,,,,,,,,,,,,,,,,,,,,,,,,,,,,,,,,,,,,,,,,,,,,,,,,,,,,,,,,,,,,,,,,,
,,,,,,,,,,,,,,,,,,,,,,,,,,,,,,,,,,,屏東縣,屏東縣,,,,,,,,屏東縣,屏東縣,屏東縣,屏東縣,屏東縣,台東縣,台東縣,台東縣,台東縣,台東縣,,,,,,,,,,,,,,,,,,,,,,,,,,,,,,,,,,,,,,,,,,,,,,,,,,,,,,,,,,,,,,,,,,,,,,,,,,,,,
,,,,,,,,,,,,,,,,,,,,,,,,,,,,,,,,,,,屏東縣,屏東縣,,,,,,,屏東縣,屏東縣,屏東縣,屏東縣,屏東縣,屏東縣,台東縣,台東縣,台東縣,台東縣,台東縣,,,,,,,,,,,,,,,,,,,,,,,,,,,,,,,,,,,,,,,,,,,,,,,,,,,,,,,,,,,,,,,,,,,,,,,,,,,,,
,,,,,,,,,,,,,,,,,,,,,,,,,,,,,,,,,,,,屏東縣,,,,,,屏東縣,屏東縣,屏東縣,屏東縣,屏東縣,屏東縣,台東縣,台東縣,台東縣,台東縣,台東縣,台東縣,,,,,,,,,,,,,,,,,,,,,,,,,,,,,,,,,,,,,,,,,,,,,,,,,,,,,,,,,,,,,,,,,,,,,,,,,,,,,
,,,,,,,,,,,,,,,,,,,,,,,,,,,,,,,,,,,,,,,,,屏東縣,屏東縣,屏東縣,屏東縣,屏東縣,屏東縣,屏東縣,台東縣,台東縣,台東縣,台東縣,台東縣,台東縣,台東縣,,,,,,,,,,,,,,,,,,,,,,,,,,,,,,,,,,,,,,,,,,,,,,,,,,,,,,,,,,,,,,,,,,,,,,,,,,,,
,,,,,,,,,,,,,,,,,,,,,,,,,,,,,,,,,,,,,,,屏東縣,屏東縣,屏東縣,屏東縣,屏東縣,屏東縣,屏東縣,屏東縣,屏東縣,台東縣,台東縣,台東縣,台東縣,台東縣,台東縣,台東縣,,,,,,,,,,,,,,,,,,,,,,,,,,,,,,,,,,,,,,,,,,,,,,,,,,,,,,,,,,,,,,,,,,,,,,,,,,,,
,,,,,,,,,,,,,,,,,,,,,,,,,,,,,,,,,,,,,,屏東縣,屏東縣,屏東縣,屏東縣,屏東縣,屏東縣,屏東縣,屏東縣,屏東縣,屏東縣,台東縣,台東縣,台東縣,台東縣,台東縣,台東縣,台東縣,台東縣,,,,,,,,,,,,,,,,,,,,,,,,,,,,,,,,,,,,,,,,,,,,,,,,,,,,,,,,,,,,,,,,,,,,,,,,,,,
,,,,,,,,,,,,,,,,,,,,,,,,,,,,,,,,,,,,高雄市,屏東縣,屏東縣,屏東縣,屏東縣,屏東縣,屏東縣,屏東縣,屏東縣,屏東縣,屏東縣,屏東縣,台東縣,台東縣,台東縣,台東縣,台東縣,台東縣,台東縣,台東縣,,,,,,,,,,,,,,,,,,,,,,,,,,,,,,,,,,,,,,,,,,,,,,,,,,,,,,,,,,,,,,,,,,,,,,,,,,,
,,,,,,,,,,,,,,,,,,,,,,,,,,,,,,,,,,高雄市,高雄市,高雄市,屏東縣,屏東縣,屏東縣,屏東縣,屏東縣,屏東縣,屏東縣,屏東縣,屏東縣,屏東縣,屏東縣,台東縣,台東縣,台東縣,台東縣,台東縣,台東縣,台東縣,台東縣,,,,,,,,,,,,,,,,,,,,,,,,,,,,,,,,,,,,,,,,,,,,,,,,,,,,,,,,,,,,,,,,,,,,,,,,,,,
,,,,,,,,,,,,,,,,,,,,,,,,,,,,,,,,,高雄市,高雄市,高雄市,高雄市,屏東縣,屏東縣,屏東縣,屏東縣,屏東縣,屏東縣,屏東縣,屏東縣,屏東縣,屏東縣,屏東縣,台東縣,台東縣,台東縣,台東縣,台東縣,台東縣,台東縣,台東縣,台東縣,,,,,,,,,,,,,,,,,,,,,,,,,,,,,,,,,,,,,,,,,,,,,,,,,,,,,,,,,,,,,,,,,,,,,,,,,,
,,,,,,,,,,,,,,,,,,,,,,,,,,,,,,,,,高雄市,高雄市,高雄市,高雄市,高雄市,屏東縣,屏東縣,屏東縣,屏東縣,屏東縣,屏東縣,屏東縣,屏東縣,屏東縣,屏東縣,台東縣,台東縣,台東縣,台東縣,台東縣,台東縣,台東縣,台東縣,台東縣,,,,,,,,,,,,,,,,,,,,,,,,,,,,,,,,,,,,,,,,,,,,,,,,,,,,,,,,,,,,,,,,,,,,,,,,,,
,,,,,,,,,,,,,,,,,,,,,,,,,,,,,,,,高雄市,高雄市,高雄市,高雄市,高雄市,高雄市,屏東縣,屏東縣,屏東縣,屏東縣,屏東縣,屏東縣,屏東縣,屏東縣,屏東縣,屏東縣,台東縣,台東縣,台東縣,台東縣,台東縣,台東縣,台東縣,台東縣,台東縣,台東縣,,,,,,,,,,,,,,,,,,,,,,,,,,,,,,,,,,,,,,,,,,,,,,,,,,,,,,,,,,,,,,,,,,,,,,,,,
,,,,,,,,,,,,,,,,,,,,,,,,,,,,,,,,高雄市,高雄市,高雄市,高雄市,高雄市,高雄市,屏東縣,屏東縣,屏東縣,屏東縣,屏東縣,屏東縣,屏東縣,屏東縣,屏東縣,屏東縣,台東縣,台東縣,台東縣,台東縣,台東縣,台東縣,台東縣,台東縣,台東縣,台東縣,,,,,,,,,,,,,,,,,,,,,,,,,,,,,,,,,,,,,,,,,,,,,,,,,,,,,,,,,,,,,,,,,,,,,,,,,
,,,,,,,,,,,,,,,,,,,,,,,,,,,,,,,高雄市,高雄市,高雄市,高雄市,高雄市,高雄市,高雄市,屏東縣,屏東縣,屏東縣,屏東縣,屏東縣,屏東縣,屏東縣,屏東縣,屏東縣,屏東縣,屏東縣,台東縣,台東縣,台東縣,台東縣,台東縣,台東縣,台東縣,台東縣,台東縣,,,,,,,,,,,,,,,台東縣,台東縣,,,,,,,,,,,,,,,,,,,,,,,,,,,,,,,,,,,,,,,,,,,,,,,,,,,,,,,,,
,,,,,,,,,,,,,,,,,,,,,,,,,,,,,,,高雄市,高雄市,高雄市,高雄市,高雄市,高雄市,高雄市,屏東縣,屏東縣,屏東縣,屏東縣,屏東縣,屏東縣,屏東縣,屏東縣,屏東縣,屏東縣,屏東縣,台東縣,台東縣,台東縣,台東縣,台東縣,台東縣,台東縣,台東縣,台東縣,台東縣,,,,,,,,,,,,,,台東縣,台東縣,,,,,,,,,,,,,,,,,,,,,,,,,,,,,,,,,,,,,,,,,,,,,,,,,,,,,,,,,
,,,,,,,,,,,,,,,,,,,,,,,,,,,,,,,,高雄市,高雄市,高雄市,高雄市,高雄市,高雄市,屏東縣,屏東縣,屏東縣,屏東縣,屏東縣,屏東縣,屏東縣,屏東縣,屏東縣,屏東縣,屏東縣,台東縣,台東縣,台東縣,台東縣,台東縣,台東縣,台東縣,台東縣,台東縣,台東縣,台東縣,台東縣,,,,,,,,,,,,,台東縣,,,,,,,,,,,,,,,,,,,,,,,,,,,,,,,,,,,,,,,,,,,,,,,,,,,,,,,,,
,,,,,,,,,,,,,,,,,,,,,,,,,,,,,,,高雄市,高雄市,高雄市,高雄市,高雄市,高雄市,高雄市,屏東縣,屏東縣,屏東縣,屏東縣,屏東縣,屏東縣,屏東縣,屏東縣,屏東縣,屏東縣,屏東縣,屏東縣,屏東縣,台東縣,台東縣,台東縣,台東縣,台東縣,台東縣,台東縣,台東縣,台東縣,台東縣,台東縣,,,,,,,,,,,,,,,,,,,,,,,,,,,,,,,,,,,,,,,,,,,,,,,,,,,,,,,,,,,,,,,,,,,,,
,,,,,,,,,,,,,,,,,,,,,,,,,,,,,,,高雄市,高雄市,高雄市,高雄市,高雄市,高雄市,高雄市,屏東縣,屏東縣,屏東縣,屏東縣,屏東縣,屏東縣,屏東縣,屏東縣,屏東縣,屏東縣,屏東縣,屏東縣,屏東縣,屏東縣,屏東縣,台東縣,台東縣,台東縣,台東縣,台東縣,台東縣,台東縣,台東縣,台東縣,台東縣,,,,,,,,,,,,,,,,,,,,,,,,,,,,,,,,,,,,,,,,,,,,,,,,,,,,,,,,,,,,,,,,,,,,
,,,,,,,,,,,,,,,,,,,,,,,,,,,,,,高雄市,高雄市,高雄市,高雄市,高雄市,高雄市,高雄市,高雄市,屏東縣,屏東縣,屏東縣,屏東縣,屏東縣,屏東縣,屏東縣,屏東縣,屏東縣,屏東縣,屏東縣,屏東縣,屏東縣,屏東縣,屏東縣,台東縣,台東縣,台東縣,台東縣,台東縣,台東縣,台東縣,台東縣,台東縣,台東縣,台東縣,,,,,,,,,,,,,,,,,,,,,,,,,,,,,,,,,,,,,,,,,,,,,,,,,,,,,,,,,,,,,,,,,,,
,,,,,,,,,,,,,,,,,,,,,,,,,,,,,,高雄市,高雄市,高雄市,高雄市,高雄市,高雄市,高雄市,高雄市,高雄市,屏東縣,屏東縣,屏東縣,屏東縣,屏東縣,屏東縣,屏東縣,屏東縣,屏東縣,屏東縣,屏東縣,屏東縣,屏東縣,台東縣,台東縣,台東縣,台東縣,台東縣,台東縣,台東縣,台東縣,台東縣,台東縣,台東縣,台東縣,,,,,,,,,,,,,,,,,,,,,,,,,,,,,,,,,,,,,,,,,,,,,,,,,,,,,,,,,,,,,,,,,,,
,,,,,,,,,,,,,,,,,,,,,,,,,,,,,高雄市,高雄市,高雄市,高雄市,高雄市,高雄市,高雄市,高雄市,高雄市,高雄市,屏東縣,屏東縣,屏東縣,屏東縣,屏東縣,屏東縣,屏東縣,屏東縣,屏東縣,屏東縣,屏東縣,屏東縣,屏東縣,台東縣,台東縣,台東縣,台東縣,台東縣,台東縣,台東縣,台東縣,台東縣,台東縣,台東縣,台東縣,,,,,,,,,,,,,,,,,,,,,,,,,,,,,,,,,,,,,,,,,,,,,,,,,,,,,,,,,,,,,,,,,,,
,,,,,,,,,,,,,,,,,,,,,,,,,,,,,高雄市,高雄市,高雄市,高雄市,高雄市,高雄市,高雄市,高雄市,高雄市,高雄市,高雄市,高雄市,高雄市,屏東縣,屏東縣,屏東縣,屏東縣,屏東縣,屏東縣,屏東縣,高雄市,屏東縣,台東縣,台東縣,台東縣,台東縣,台東縣,台東縣,台東縣,台東縣,台東縣,台東縣,台東縣,台東縣,台東縣,台東縣,,,,,,,,,,,,,,,,,,,,,,,,,,,,,,,,,,,,,,,,,,,,,,,,,,,,,,,,,,,,,,,,,,
,,,,,,,,,,,,,,,,,,,,,,,,,,,,,高雄市,高雄市,高雄市,高雄市,高雄市,高雄市,高雄市,高雄市,高雄市,高雄市,高雄市,高雄市,高雄市,高雄市,高雄市,屏東縣,屏東縣,高雄市,屏東縣,高雄市,高雄市,高雄市,台東縣,台東縣,台東縣,台東縣,台東縣,台東縣,台東縣,台東縣,台東縣,台東縣,台東縣,台東縣,台東縣,台東縣,台東縣,,,,,,,,,,,,,,,,,,,,,,,,,,,,,,,,,,,,,,,,,,,,,,,,,,,,,,,,,,,,,,,,,
,,,,,,,,,,,,,,,,,,,,,,,,,,,,,高雄市,高雄市,高雄市,台南市,台南市,台南市,台南市,高雄市,高雄市,高雄市,高雄市,高雄市,高雄市,高雄市,高雄市,高雄市,高雄市,高雄市,高雄市,高雄市,高雄市,台東縣,台東縣,台東縣,台東縣,台東縣,台東縣,台東縣,台東縣,台東縣,台東縣,台東縣,台東縣,台東縣,台東縣,台東縣,台東縣,台東縣,,,,,,,,,,,,,,,,,,,,,,,,,,,,,,,,,,,,,,,,,,,,,,,,,,,,,,,,,,,,,,,,
,,,,,,,,,,,,,,,,,,,,,,,,,,,,台南市,台南市,台南市,台南市,台南市,台南市,台南市,台南市,台南市,高雄市,高雄市,高雄市,高雄市,高雄市,高雄市,高雄市,高雄市,高雄市,高雄市,高雄市,高雄市,高雄市,台東縣,台東縣,台東縣,台東縣,台東縣,台東縣,台東縣,台東縣,台東縣,台東縣,台東縣,台東縣,台東縣,台東縣,台東縣,台東縣,台東縣,,,,,,,,,,,,,,,,,,,,,,,,,,,,,,,,,,,,,,,,,,,,,,,,,,,,,,,,,,,,,,,,
,,,,,,,,,,,,,,,,,,,,,,,,,,,,台南市,台南市,台南市,台南市,台南市,台南市,台南市,台南市,台南市,台南市,高雄市,高雄市,高雄市,高雄市,高雄市,高雄市,高雄市,高雄市,高雄市,高雄市,高雄市,高雄市,台東縣,台東縣,台東縣,台東縣,台東縣,台東縣,台東縣,台東縣,台東縣,台東縣,台東縣,台東縣,台東縣,台東縣,台東縣,台東縣,台東縣,台東縣,,,,,,,,,,,,,,,,,,,,,,,,,,,,,,,,,,,,,,,,,,,,,,,,,,,,,,,,,,,,,,,
,,,,,,,,,,,,,,,,,,,,,,,,,,,台南市,台南市,台南市,台南市,台南市,台南市,台南市,台南市,台南市,台南市,台南市,高雄市,高雄市,高雄市,高雄市,高雄市,高雄市,高雄市,高雄市,高雄市,高雄市,高雄市,高雄市,高雄市,台東縣,台東縣,台東縣,台東縣,台東縣,台東縣,台東縣,台東縣,台東縣,台東縣,台東縣,台東縣,台東縣,台東縣,台東縣,台東縣,台東縣,,,,,,,,,,,,,,,,,,,,,,,,,,,,,,,,,,,,,,,,,,,,,,,,,,,,,,,,,,,,,,,
,,,,,,,,,,,,,,,,,,,,,,,,,台南市,台南市,台南市,台南市,台南市,台南市,台南市,台南市,台南市,台南市,台南市,台南市,台南市,台南市,台南市,高雄市,高雄市,高雄市,高雄市,高雄市,高雄市,高雄市,高雄市,高雄市,高雄市,高雄市,高雄市,台東縣,台東縣,台東縣,台東縣,台東縣,台東縣,台東縣,台東縣,台東縣,台東縣,台東縣,台東縣,台東縣,台東縣,台東縣,台東縣,台東縣,,,,,,,,,,,,,,,,,,,,,,,,,,,,,,,,,,,,,,,,,,,,,,,,,,,,,,,,,,,,,,
,,,,,,,,,,,,,,,,,,,,,,,,,台南市,台南市,台南市,台南市,台南市,台南市,台南市,台南市,台南市,台南市,台南市,台南市,台南市,台南市,台南市,台南市,高雄市,高雄市,高雄市,高雄市,高雄市,高雄市,高雄市,高雄市,高雄市,高雄市,高雄市,台東縣,台東縣,台東縣,台東縣,台東縣,台東縣,台東縣,台東縣,台東縣,台東縣,台東縣,台東縣,台東縣,台東縣,台東縣,台東縣,台東縣,,,,,,,,,,,,,,,,,,,,,,,,,,,,,,,,,,,,,,,,,,,,,,,,,,,,,,,,,,,,,,
,,,,,,,,,,,,,,,,,,,,,,,,,台南市,台南市,台南市,台南市,台南市,台南市,台南市,台南市,台南市,台南市,台南市,台南市,台南市,台南市,台南市,台南市,台南市,高雄市,高雄市,高雄市,高雄市,高雄市,高雄市,高雄市,高雄市,高雄市,高雄市,台東縣,台東縣,台東縣,台東縣,台東縣,台東縣,台東縣,台東縣,台東縣,台東縣,台東縣,台東縣,台東縣,台東縣,台東縣,台東縣,台東縣,台東縣,,,,,,,,,,,,,,,,,,,,,,,,,,,,,,,,,,,,,,,,,,,,,,,,,,,,,,,,,,,,,
,,,,,,,,,,,,,,,,,,,,,,,,,台南市,台南市,台南市,台南市,台南市,台南市,台南市,台南市,台南市,台南市,台南市,台南市,台南市,台南市,台南市,台南市,台南市,台南市,高雄市,高雄市,高雄市,高雄市,高雄市,高雄市,高雄市,高雄市,高雄市,高雄市,台東縣,台東縣,台東縣,台東縣,台東縣,台東縣,台東縣,台東縣,台東縣,台東縣,台東縣,台東縣,台東縣,台東縣,台東縣,台東縣,台東縣,台東縣,,,,,,,,,,,,,,,,,,,,,,,,,,,,,,,,,,,,,,,,,,,,,,,,,,,,,,,,,,,,
,,,,,,,,,,,,,,,,,,,,,,,,,台南市,台南市,台南市,台南市,台南市,台南市,台南市,台南市,台南市,台南市,台南市,台南市,台南市,台南市,台南市,台南市,台南市,台南市,高雄市,高雄市,高雄市,高雄市,高雄市,高雄市,高雄市,高雄市,高雄市,台東縣,台東縣,台東縣,台東縣,台東縣,台東縣,台東縣,台東縣,台東縣,台東縣,台東縣,台東縣,台東縣,台東縣,花蓮縣,台東縣,台東縣,台東縣,台東縣,,,,,,,,,,,,,,,,,,,,,,,,,,,,,,,,,,,,,,,,,,,,,,,,,,,,,,,,,,,,
,,,,,,,,,,,,,,,,,,,,,,,,,台南市,台南市,台南市,台南市,台南市,台南市,台南市,台南市,台南市,台南市,台南市,台南市,台南市,台南市,台南市,台南市,台南市,台南市,台南市,高雄市,高雄市,高雄市,高雄市,高雄市,高雄市,高雄市,高雄市,高雄市,台東縣,台東縣,台東縣,台東縣,台東縣,台東縣,台東縣,台東縣,台東縣,台東縣,台東縣,花蓮縣,花蓮縣,花蓮縣,台東縣,台東縣,台東縣,台東縣,,,,,,,,,,,,,,,,,,,,,,,,,,,,,,,,,,,,,,,,,,,,,,,,,,,,,,,,,,,,
,,,,澎湖縣,澎湖縣,,,,,,,,,,,,,,,,,,,,,台南市,台南市,台南市,台南市,台南市,台南市,台南市,台南市,台南市,台南市,台南市,台南市,台南市,台南市,台南市,台南市,台南市,台南市,高雄市,高雄市,高雄市,高雄市,高雄市,高雄市,高雄市,高雄市,高雄市,台東縣,台東縣,台東縣,台東縣,台東縣,台東縣,台東縣,台東縣,台東縣,台東縣,台東縣,花蓮縣,花蓮縣,花蓮縣,台東縣,台東縣,台東縣,台東縣,,,,,,,,,,,,,,,,,,,,,,,,,,,,,,,,,,,,,,,,,,,,,,,,,,,,,,,,,,,,
,,,,澎湖縣,澎湖縣,,澎湖縣,澎湖縣,澎湖縣,,,澎湖縣,,,,,,,,,,,,,,台南市,台南市,台南市,台南市,台南市,台南市,台南市,台南市,台南市,台南市,台南市,台南市,台南市,台南市,台南市,台南市,台南市,台南市,台南市,高雄市,高雄市,高雄市,高雄市,高雄市,高雄市,高雄市,高雄市,台東縣,台東縣,台東縣,台東縣,台東縣,台東縣,台東縣,台東縣,台東縣,花蓮縣,花蓮縣,花蓮縣,花蓮縣,花蓮縣,花蓮縣,台東縣,台東縣,台東縣,,,,,,,,,,,,,,,,,,,,,,,,,,,,,,,,,,,,,,,,,,,,,,,,,,,,,,,,,,,,
,,,,,,,澎湖縣,澎湖縣,,,澎湖縣,澎湖縣,澎湖縣,,,,,,,,,,,,,台南市,台南市,台南市,台南市,台南市,台南市,台南市,台南市,台南市,台南市,台南市,台南市,台南市,台南市,台南市,台南市,嘉義縣,嘉義縣,嘉義縣,高雄市,高雄市,高雄市,高雄市,高雄市,高雄市,高雄市,高雄市,高雄市,台東縣,台東縣,台東縣,台東縣,台東縣,台東縣,花蓮縣,花蓮縣,花蓮縣,花蓮縣,花蓮縣,花蓮縣,花蓮縣,花蓮縣,台東縣,台東縣,台東縣,,,,,,,,,,,,,,,,,,,,,,,,,,,,,,,,,,,,,,,,,,,,,,,,,,,,,,,,,,,,
,,,,,,,澎湖縣,,,,,,,,,,,,,,,,,,,台南市,台南市,台南市,台南市,台南市,台南市,台南市,台南市,台南市,台南市,台南市,台南市,台南市,台南市,台南市,台南市,嘉義縣,嘉義縣,高雄市,高雄市,高雄市,高雄市,高雄市,高雄市,高雄市,高雄市,高雄市,高雄市,高雄市,台東縣,台東縣,台東縣,台東縣,花蓮縣,花蓮縣,花蓮縣,花蓮縣,花蓮縣,花蓮縣,花蓮縣,花蓮縣,花蓮縣,花蓮縣,台東縣,台東縣,台東縣,,,,,,,,,,,,,,,,,,,,,,,,,,,,,,,,,,,,,,,,,,,,,,,,,,,,,,,,,,,
,澎湖縣,澎湖縣,,,,,,,,,,,,,,,,,,,,,,,,,台南市,台南市,台南市,嘉義縣,台南市,台南市,台南市,台南市,台南市,台南市,台南市,台南市,台南市,台南市,台南市,嘉義縣,嘉義縣,高雄市,高雄市,高雄市,高雄市,高雄市,高雄市,高雄市,高雄市,高雄市,高雄市,高雄市,高雄市,高雄市,台東縣,台東縣,花蓮縣,花蓮縣,花蓮縣,花蓮縣,花蓮縣,花蓮縣,花蓮縣,花蓮縣,花蓮縣,花蓮縣,台東縣,台東縣,台東縣,台東縣,,,,,,,,,,,,,,,,,,,,,,,,,,,,,,,,,,,,,,,,,,,,,,,,,,,,,,,,,,
,,,,,,澎湖縣,澎湖縣,澎湖縣,,,,,,,,,,,,,,,,,,,台南市,台南市,嘉義縣,嘉義縣,嘉義縣,台南市,台南市,台南市,台南市,台南市,台南市,台南市,台南市,台南市,台南市,嘉義縣,嘉義縣,嘉義縣,嘉義縣,嘉義縣,嘉義縣,高雄市,高雄市,高雄市,高雄市,高雄市,高雄市,高雄市,高雄市,花蓮縣,花蓮縣,花蓮縣,花蓮縣,花蓮縣,花蓮縣,花蓮縣,花蓮縣,花蓮縣,花蓮縣,花蓮縣,花蓮縣,花蓮縣,台東縣,台東縣,台東縣,台東縣,,,,,,,,,,,,,,,,,,,,,,,,,,,,,,,,,,,,,,,,,,,,,,,,,,,,,,,,,,
,,,,,,澎湖縣,澎湖縣,澎湖縣,澎湖縣,,,,,,,,,,,,,,,,,,嘉義縣,嘉義縣,嘉義縣,嘉義縣,嘉義縣,嘉義縣,台南市,台南市,台南市,台南市,台南市,台南市,台南市,台南市,嘉義縣,嘉義縣,嘉義縣,嘉義縣,嘉義縣,嘉義縣,嘉義縣,嘉義縣,嘉義縣,高雄市,高雄市,高雄市,高雄市,高雄市,高雄市,花蓮縣,花蓮縣,花蓮縣,花蓮縣,花蓮縣,花蓮縣,花蓮縣,花蓮縣,花蓮縣,花蓮縣,花蓮縣,花蓮縣,花蓮縣,花蓮縣,台東縣,台東縣,台東縣,,,,,,,,,,,,,,,,,,,,,,,,,,,,,,,,,,,,,,,,,,,,,,,,,,,,,,,,,,
,澎湖縣,,,,,,澎湖縣,,,,,,,,,,,,,,,,,,,,嘉義縣,嘉義縣,嘉義縣,嘉義縣,嘉義縣,嘉義縣,嘉義縣,台南市,台南市,台南市,台南市,台南市,台南市,台南市,嘉義縣,嘉義縣,嘉義縣,嘉義縣,嘉義縣,嘉義縣,嘉義縣,嘉義縣,嘉義縣,嘉義縣,高雄市,高雄市,高雄市,高雄市,高雄市,花蓮縣,花蓮縣,花蓮縣,花蓮縣,花蓮縣,花蓮縣,花蓮縣,花蓮縣,花蓮縣,花蓮縣,花蓮縣,花蓮縣,花蓮縣,台東縣,台東縣,台東縣,台東縣,,,,,,,,,,,,,,,,,,,,,,,,,,,,,,,,,,,,,,,,,,,,,,,,,,,,,,,,,,
,,,,,,,,,,,,,,,,,,,,,,,,,,,,嘉義縣,嘉義縣,嘉義縣,嘉義縣,嘉義縣,嘉義縣,嘉義縣,嘉義縣,嘉義縣,台南市,台南市,嘉義縣,嘉義縣,嘉義縣,嘉義縣,嘉義縣,嘉義縣,嘉義縣,嘉義縣,嘉義縣,嘉義縣,嘉義縣,嘉義縣,高雄市,高雄市,高雄市,高雄市,高雄市,高雄市,花蓮縣,花蓮縣,花蓮縣,花蓮縣,花蓮縣,花蓮縣,花蓮縣,花蓮縣,花蓮縣,花蓮縣,花蓮縣,花蓮縣,花蓮縣,台東縣,台東縣,台東縣,,,,,,,,,,,,,,,,,,,,,,,,,,,,,,,,,,,,,,,,,,,,,,,,,,,,,,,,,,
,,,,,,,,,,,,,,,,,,,,,,,,,雲林縣,雲林縣,嘉義縣,嘉義縣,嘉義縣,嘉義縣,嘉義縣,嘉義縣,嘉義縣,嘉義縣,嘉義縣,嘉義縣,嘉義縣,嘉義縣,嘉義縣,嘉義縣,嘉義縣,嘉義縣,嘉義縣,嘉義縣,嘉義縣,嘉義縣,嘉義縣,嘉義縣,嘉義縣,嘉義縣,嘉義縣,高雄市,高雄市,高雄市,高雄市,高雄市,花蓮縣,花蓮縣,花蓮縣,花蓮縣,花蓮縣,花蓮縣,花蓮縣,花蓮縣,花蓮縣,花蓮縣,花蓮縣,花蓮縣,花蓮縣,台東縣,台東縣,台東縣,花蓮縣,,,,,,,,,,,,,,,,,,,,,,,,,,,,,,,,,,,,,,,,,,,,,,,,,,,,,,,,,
,,,,,,,澎湖縣,澎湖縣,,,,,,,,,,,,,,,,,雲林縣,雲林縣,嘉義縣,嘉義縣,嘉義縣,嘉義縣,嘉義縣,嘉義縣,嘉義縣,嘉義縣,嘉義縣,嘉義縣,嘉義市,嘉義市,嘉義縣,嘉義縣,嘉義縣,嘉義縣,嘉義縣,嘉義縣,嘉義縣,嘉義縣,嘉義縣,嘉義縣,嘉義縣,嘉義縣,嘉義縣,嘉義縣,嘉義縣,嘉義縣,高雄市,高雄市,花蓮縣,花蓮縣,花蓮縣,花蓮縣,花蓮縣,花蓮縣,花蓮縣,花蓮縣,花蓮縣,花蓮縣,花蓮縣,花蓮縣,花蓮縣,花蓮縣,花蓮縣,花蓮縣,花蓮縣,,,,,,,,,,,,,,,,,,,,,,,,,,,,,,,,,,,,,,,,,,,,,,,,,,,,,,,,,
,,,,,,,澎湖縣,澎湖縣,澎湖縣,澎湖縣,澎湖縣,,,,,,,,,,,,,,,雲林縣,嘉義縣,嘉義縣,嘉義縣,嘉義縣,嘉義縣,嘉義縣,嘉義縣,嘉義縣,嘉義縣,嘉義縣,嘉義縣,嘉義縣,嘉義縣,嘉義縣,嘉義縣,嘉義縣,嘉義縣,嘉義縣,嘉義縣,嘉義縣,嘉義縣,嘉義縣,嘉義縣,嘉義縣,嘉義縣,南投縣,南投縣,南投縣,南投縣,南投縣,南投縣,花蓮縣,花蓮縣,花蓮縣,花蓮縣,花蓮縣,花蓮縣,花蓮縣,花蓮縣,花蓮縣,花蓮縣,花蓮縣,花蓮縣,花蓮縣,花蓮縣,花蓮縣,花蓮縣,,,,,,,,,,,,,,,,,,,,,,,,,,,,,,,,,,,,,,,,,,,,,,,,,,,,,,,,,
,,,,,,,,澎湖縣,澎湖縣,澎湖縣,澎湖縣,澎湖縣,澎湖縣,澎湖縣,,,,,,,,,,,,,雲林縣,雲林縣,雲林縣,雲林縣,嘉義縣,嘉義縣,嘉義縣,嘉義縣,嘉義縣,嘉義縣,嘉義縣,嘉義縣,嘉義縣,嘉義縣,嘉義縣,嘉義縣,嘉義縣,嘉義縣,嘉義縣,嘉義縣,嘉義縣,嘉義縣,嘉義縣,嘉義縣,南投縣,南投縣,南投縣,南投縣,南投縣,南投縣,南投縣,南投縣,花蓮縣,花蓮縣,花蓮縣,花蓮縣,花蓮縣,花蓮縣,花蓮縣,花蓮縣,花蓮縣,花蓮縣,花蓮縣,花蓮縣,花蓮縣,花蓮縣,花蓮縣,,,,,,,,,,,,,,,,,,,,,,,,,,,,,,,,,,,,,,,,,,,,,,,,,,,,,,,,,
,,,,,,澎湖縣,澎湖縣,澎湖縣,澎湖縣,澎湖縣,澎湖縣,澎湖縣,澎湖縣,澎湖縣,,,,,,,,,,,,,雲林縣,雲林縣,雲林縣,雲林縣,雲林縣,雲林縣,嘉義縣,嘉義縣,嘉義縣,嘉義縣,嘉義縣,嘉義縣,嘉義縣,嘉義縣,嘉義縣,嘉義縣,嘉義縣,嘉義縣,嘉義縣,嘉義縣,嘉義縣,嘉義縣,嘉義縣,嘉義縣,南投縣,南投縣,南投縣,南投縣,南投縣,南投縣,南投縣,南投縣,南投縣,南投縣,花蓮縣,花蓮縣,花蓮縣,花蓮縣,花蓮縣,花蓮縣,花蓮縣,花蓮縣,花蓮縣,花蓮縣,花蓮縣,花蓮縣,花蓮縣,,,,,,,,,,,,,,,,,,,,,,,,,,,,,,,,,,,,,,,,,,,,,,,,,,,,,,,,,
,,,,,,澎湖縣,澎湖縣,澎湖縣,澎湖縣,澎湖縣,澎湖縣,澎湖縣,澎湖縣,,,,,,,,,,,,,,雲林縣,雲林縣,雲林縣,雲林縣,雲林縣,雲林縣,雲林縣,嘉義縣,嘉義縣,嘉義縣,嘉義縣,嘉義縣,嘉義縣,嘉義縣,嘉義縣,嘉義縣,嘉義縣,嘉義縣,嘉義縣,嘉義縣,嘉義縣,嘉義縣,嘉義縣,嘉義縣,嘉義縣,南投縣,南投縣,南投縣,南投縣,南投縣,南投縣,南投縣,南投縣,南投縣,花蓮縣,花蓮縣,花蓮縣,花蓮縣,花蓮縣,花蓮縣,花蓮縣,花蓮縣,花蓮縣,花蓮縣,花蓮縣,花蓮縣,花蓮縣,花蓮縣,,,,,,,,,,,,,,,,,,,,,,,,,,,,,,,,,,,,,,,,,,,,,,,,,,,,,,,,
,,,,,,,澎湖縣,澎湖縣,澎湖縣,澎湖縣,澎湖縣,,澎湖縣,澎湖縣,,,,,,,,,,,,,雲林縣,雲林縣,雲林縣,雲林縣,雲林縣,雲林縣,雲林縣,雲林縣,雲林縣,嘉義縣,嘉義縣,嘉義縣,嘉義縣,嘉義縣,雲林縣,雲林縣,雲林縣,雲林縣,雲林縣,雲林縣,嘉義縣,嘉義縣,嘉義縣,南投縣,南投縣,南投縣,南投縣,南投縣,南投縣,南投縣,南投縣,南投縣,南投縣,南投縣,南投縣,南投縣,花蓮縣,花蓮縣,花蓮縣,花蓮縣,花蓮縣,花蓮縣,花蓮縣,花蓮縣,花蓮縣,花蓮縣,花蓮縣,花蓮縣,,,,,,,,,,,,,,,,,,,,,,,,,,,,,,,,,,,,,,,,,,,,,,,,,,,,,,,,
,,,,,,,澎湖縣,澎湖縣,澎湖縣,澎湖縣,澎湖縣,澎湖縣,澎湖縣,,,,,,,,,,,,,,,雲林縣,雲林縣,雲林縣,雲林縣,雲林縣,雲林縣,雲林縣,雲林縣,雲林縣,雲林縣,雲林縣,雲林縣,雲林縣,雲林縣,雲林縣,雲林縣,雲林縣,南投縣,南投縣,南投縣,南投縣,南投縣,南投縣,南投縣,南投縣,南投縣,南投縣,南投縣,南投縣,南投縣,南投縣,南投縣,南投縣,南投縣,南投縣,花蓮縣,花蓮縣,花蓮縣,花蓮縣,花蓮縣,花蓮縣,花蓮縣,花蓮縣,花蓮縣,花蓮縣,花蓮縣,花蓮縣,,,,,,,,,,,,,,,,,,,,,,,,,,,,,,,,,,,,,,,,,,,,,,,,,,,,,,,,
,,,,,,,,,澎湖縣,澎湖縣,澎湖縣,澎湖縣,澎湖縣,,,,,,,,,,,,,,,雲林縣,雲林縣,雲林縣,雲林縣,雲林縣,雲林縣,雲林縣,雲林縣,雲林縣,雲林縣,雲林縣,雲林縣,雲林縣,雲林縣,雲林縣,雲林縣,雲林縣,雲林縣,南投縣,南投縣,南投縣,南投縣,南投縣,南投縣,南投縣,南投縣,南投縣,南投縣,南投縣,南投縣,南投縣,南投縣,南投縣,南投縣,南投縣,南投縣,花蓮縣,花蓮縣,花蓮縣,花蓮縣,花蓮縣,花蓮縣,花蓮縣,花蓮縣,花蓮縣,花蓮縣,花蓮縣,,,,,,,,,,,,,,,,,,,,,,,,,,,,,,,,,,,,,,,,,,,,,,,,,,,,,,,,
,,,,,,,,,澎湖縣,澎湖縣,澎湖縣,澎湖縣,,,,,,,,,,,,,,,,雲林縣,雲林縣,雲林縣,雲林縣,雲林縣,雲林縣,雲林縣,雲林縣,雲林縣,雲林縣,雲林縣,雲林縣,雲林縣,雲林縣,雲林縣,雲林縣,雲林縣,南投縣,南投縣,南投縣,南投縣,南投縣,南投縣,南投縣,南投縣,南投縣,南投縣,南投縣,南投縣,南投縣,南投縣,南投縣,南投縣,南投縣,南投縣,南投縣,花蓮縣,花蓮縣,花蓮縣,花蓮縣,花蓮縣,花蓮縣,花蓮縣,花蓮縣,花蓮縣,花蓮縣,花蓮縣,,,,,,,,,,,,,,,,,,,,,,,,,,,,,,,,,,,,,,,,,,,,,,,,,,,,,,,,
,,,,,,,,,澎湖縣,澎湖縣,澎湖縣,,,,,,,,,,,,,,,,,雲林縣,雲林縣,雲林縣,雲林縣,雲林縣,雲林縣,雲林縣,雲林縣,雲林縣,雲林縣,雲林縣,雲林縣,雲林縣,雲林縣,雲林縣,雲林縣,雲林縣,雲林縣,南投縣,南投縣,南投縣,南投縣,南投縣,南投縣,南投縣,南投縣,南投縣,南投縣,南投縣,南投縣,南投縣,南投縣,南投縣,南投縣,南投縣,南投縣,花蓮縣,花蓮縣,花蓮縣,花蓮縣,花蓮縣,花蓮縣,花蓮縣,花蓮縣,花蓮縣,花蓮縣,花蓮縣,花蓮縣,,,,,,,,,,,,,,,,,,,,,,,,,,,,,,,,,,,,,,,,,,,,,,,,,,,,,,,
,,,,,,,,,,澎湖縣,澎湖縣,,,,,,,,,,,,,,,,,,雲林縣,雲林縣,雲林縣,雲林縣,雲林縣,雲林縣,雲林縣,雲林縣,雲林縣,雲林縣,雲林縣,雲林縣,雲林縣,雲林縣,雲林縣,雲林縣,雲林縣,南投縣,南投縣,南投縣,南投縣,南投縣,南投縣,南投縣,南投縣,南投縣,南投縣,南投縣,南投縣,南投縣,南投縣,南投縣,南投縣,南投縣,花蓮縣,花蓮縣,花蓮縣,花蓮縣,花蓮縣,花蓮縣,花蓮縣,花蓮縣,花蓮縣,花蓮縣,花蓮縣,花蓮縣,花蓮縣,,,,,,,,,,,,,,,,,,,,,,,,,,,,,,,,,,,,,,,,,,,,,,,,,,,,,,,
,,,,,,,,,,澎湖縣,,,,,,,,,,,,,,,,,,雲林縣,雲林縣,雲林縣,雲林縣,雲林縣,雲林縣,雲林縣,雲林縣,雲林縣,雲林縣,雲林縣,雲林縣,雲林縣,雲林縣,雲林縣,雲林縣,雲林縣,雲林縣,南投縣,南投縣,南投縣,南投縣,南投縣,南投縣,南投縣,南投縣,南投縣,南投縣,南投縣,南投縣,南投縣,南投縣,南投縣,南投縣,南投縣,花蓮縣,花蓮縣,花蓮縣,花蓮縣,花蓮縣,花蓮縣,花蓮縣,花蓮縣,花蓮縣,花蓮縣,花蓮縣,花蓮縣,花蓮縣,,,,,,,,,,,,,,,,,,,,,,,,,,,,,,,,,,,,,,,,,,,,,,,,,,,,,,,
,,,,,,,,,,澎湖縣,,,,,,,,,,,,,,,,,,,雲林縣,雲林縣,雲林縣,雲林縣,雲林縣,雲林縣,雲林縣,雲林縣,雲林縣,雲林縣,雲林縣,雲林縣,雲林縣,彰化縣,彰化縣,南投縣,南投縣,南投縣,南投縣,南投縣,南投縣,南投縣,南投縣,南投縣,南投縣,南投縣,南投縣,南投縣,南投縣,南投縣,南投縣,南投縣,南投縣,南投縣,南投縣,花蓮縣,花蓮縣,花蓮縣,花蓮縣,花蓮縣,花蓮縣,花蓮縣,花蓮縣,花蓮縣,花蓮縣,花蓮縣,花蓮縣,,,,,,,,,,,,,,,,,,,,,,,,,,,,,,,,,,,,,,,,,,,,,,,,,,,,,,,
,,,,,,,,,,,,,,,,,,,,,,,,,,,,,,雲林縣,雲林縣,雲林縣,雲林縣,彰化縣,雲林縣,雲林縣,雲林縣,雲林縣,彰化縣,彰化縣,彰化縣,彰化縣,南投縣,南投縣,南投縣,南投縣,南投縣,南投縣,南投縣,南投縣,南投縣,南投縣,南投縣,南投縣,南投縣,南投縣,南投縣,南投縣,南投縣,南投縣,南投縣,南投縣,南投縣,花蓮縣,花蓮縣,花蓮縣,花蓮縣,花蓮縣,花蓮縣,花蓮縣,花蓮縣,花蓮縣,花蓮縣,花蓮縣,花蓮縣,花蓮縣,,,,,,,,,,,,,,,,,,,,,,,,,,,,,,,,,,,,,,,,,,,,,,,,,,,,,,
,,,,,,,,,,,,,,,,,,,,,,,,,,,,,,雲林縣,雲林縣,彰化縣,彰化縣,彰化縣,彰化縣,彰化縣,彰化縣,彰化縣,彰化縣,彰化縣,彰化縣,彰化縣,彰化縣,南投縣,南投縣,南投縣,南投縣,南投縣,南投縣,南投縣,南投縣,南投縣,南投縣,南投縣,南投縣,南投縣,南投縣,南投縣,南投縣,南投縣,南投縣,南投縣,南投縣,花蓮縣,花蓮縣,花蓮縣,花蓮縣,花蓮縣,花蓮縣,花蓮縣,花蓮縣,花蓮縣,花蓮縣,花蓮縣,花蓮縣,花蓮縣,,,,,,,,,,,,,,,,,,,,,,,,,,,,,,,,,,,,,,,,,,,,,,,,,,,,,,
,,,,,,,,,,,,,,,,,,,,,,,,,,,,,,,彰化縣,彰化縣,彰化縣,彰化縣,彰化縣,彰化縣,彰化縣,彰化縣,彰化縣,彰化縣,彰化縣,彰化縣,彰化縣,南投縣,南投縣,南投縣,南投縣,南投縣,南投縣,南投縣,南投縣,南投縣,南投縣,南投縣,南投縣,南投縣,南投縣,南投縣,南投縣,南投縣,南投縣,南投縣,南投縣,南投縣,花蓮縣,花蓮縣,花蓮縣,花蓮縣,花蓮縣,花蓮縣,花蓮縣,花蓮縣,花蓮縣,花蓮縣,花蓮縣,花蓮縣,,,,,,,,,,,,,,,,,,,,,,,,,,,,,,,,,,,,,,,,,,,,,,,,,,,,,,
,,,,,,,,,,,,,,,,,,,,,,,,,,,,,,,,彰化縣,彰化縣,彰化縣,彰化縣,彰化縣,彰化縣,彰化縣,彰化縣,彰化縣,彰化縣,彰化縣,彰化縣,南投縣,南投縣,南投縣,南投縣,南投縣,南投縣,南投縣,南投縣,南投縣,南投縣,南投縣,南投縣,南投縣,南投縣,南投縣,南投縣,南投縣,南投縣,南投縣,南投縣,南投縣,花蓮縣,花蓮縣,花蓮縣,花蓮縣,花蓮縣,花蓮縣,花蓮縣,花蓮縣,花蓮縣,花蓮縣,花蓮縣,花蓮縣,,,,,,,,,,,,,,,,,,,,,,,,,,,,,,,,,,,,,,,,,,,,,,,,,,,,,,
,,,,,,,,,,,,,,,,,,,,,,,,,,,,,,,,彰化縣,彰化縣,彰化縣,彰化縣,彰化縣,彰化縣,彰化縣,彰化縣,彰化縣,彰化縣,彰化縣,彰化縣,南投縣,南投縣,南投縣,南投縣,南投縣,南投縣,南投縣,南投縣,南投縣,南投縣,南投縣,南投縣,南投縣,南投縣,南投縣,南投縣,南投縣,南投縣,南投縣,南投縣,南投縣,花蓮縣,花蓮縣,花蓮縣,花蓮縣,花蓮縣,花蓮縣,花蓮縣,花蓮縣,花蓮縣,花蓮縣,花蓮縣,花蓮縣,,,,,,,,,,,,,,,,,,,,,,,,,,,,,,,,,,,,,,,,,,,,,,,,,,,,,,
,,,,,,,,,,,,,,,,,,,,,,,,,,,,,,,,,彰化縣,彰化縣,彰化縣,彰化縣,彰化縣,彰化縣,彰化縣,彰化縣,彰化縣,彰化縣,彰化縣,南投縣,南投縣,南投縣,南投縣,南投縣,南投縣,南投縣,南投縣,南投縣,南投縣,南投縣,南投縣,南投縣,南投縣,南投縣,南投縣,南投縣,南投縣,南投縣,南投縣,南投縣,花蓮縣,花蓮縣,花蓮縣,花蓮縣,花蓮縣,花蓮縣,花蓮縣,花蓮縣,花蓮縣,花蓮縣,花蓮縣,花蓮縣,花蓮縣,,,,,,,,,,,,,,,,,,,,,,,,,,,,,,,,,,,,,,,,,,,,,,,,,,,,,
,,,,,,,,,,,,,,,,,,,,,,,,,,,,,,,,,,彰化縣,彰化縣,彰化縣,彰化縣,彰化縣,彰化縣,彰化縣,彰化縣,彰化縣,彰化縣,南投縣,南投縣,南投縣,南投縣,南投縣,南投縣,南投縣,南投縣,南投縣,南投縣,南投縣,南投縣,南投縣,南投縣,南投縣,南投縣,南投縣,南投縣,南投縣,南投縣,南投縣,花蓮縣,花蓮縣,花蓮縣,花蓮縣,花蓮縣,花蓮縣,花蓮縣,花蓮縣,花蓮縣,花蓮縣,花蓮縣,花蓮縣,花蓮縣,,,,,,,,,,,,,,,,,,,,,,,,,,,,,,,,,,,,,,,,,,,,,,,,,,,,,
,,,,,,,,,,,,,,,,,,,,,,,,,,,,,,,,,,彰化縣,彰化縣,彰化縣,彰化縣,彰化縣,彰化縣,彰化縣,彰化縣,彰化縣,彰化縣,彰化縣,彰化縣,台中市,台中市,台中市,南投縣,南投縣,南投縣,南投縣,南投縣,南投縣,南投縣,南投縣,南投縣,南投縣,南投縣,南投縣,南投縣,南投縣,南投縣,南投縣,花蓮縣,花蓮縣,花蓮縣,花蓮縣,花蓮縣,花蓮縣,花蓮縣,花蓮縣,花蓮縣,花蓮縣,花蓮縣,花蓮縣,花蓮縣,,,,,,,,,,,,,,,,,,,,,,,,,,,,,,,,,,,,,,,,,,,,,,,,,,,,,
,,,,,,,,,,,,,,,,,,,,,,,,,,,,,,,,,,彰化縣,彰化縣,彰化縣,彰化縣,彰化縣,彰化縣,彰化縣,彰化縣,彰化縣,彰化縣,彰化縣,台中市,台中市,台中市,台中市,南投縣,南投縣,南投縣,南投縣,南投縣,南投縣,南投縣,南投縣,南投縣,南投縣,南投縣,南投縣,南投縣,南投縣,南投縣,南投縣,花蓮縣,花蓮縣,花蓮縣,花蓮縣,花蓮縣,花蓮縣,花蓮縣,花蓮縣,花蓮縣,花蓮縣,花蓮縣,花蓮縣,,,,,,,,,,,,,,,,,,,,,,,,,,,,,,,,,,,,,,,,,,,,,,,,,,,,,,
,,,,,,,,,,,,,,,,,,,,,,,,,,,,,,,,,,,彰化縣,彰化縣,彰化縣,彰化縣,彰化縣,彰化縣,彰化縣,彰化縣,彰化縣,彰化縣,台中市,台中市,台中市,台中市,台中市,南投縣,南投縣,南投縣,南投縣,南投縣,南投縣,南投縣,南投縣,南投縣,南投縣,南投縣,南投縣,南投縣,南投縣,南投縣,南投縣,花蓮縣,花蓮縣,花蓮縣,花蓮縣,花蓮縣,花蓮縣,花蓮縣,花蓮縣,花蓮縣,花蓮縣,花蓮縣,,,,,,,,,,,,,,,,,,,,,,,,,,,,,,,,,,,,,,,,,,,,,,,,,,,,,,
,,,,,,,,,,,,,,,,,,,,,,,,,,,,,,,,,,,,彰化縣,彰化縣,彰化縣,彰化縣,彰化縣,彰化縣,彰化縣,台中市,台中市,台中市,台中市,台中市,台中市,台中市,台中市,南投縣,南投縣,南投縣,南投縣,南投縣,南投縣,南投縣,南投縣,南投縣,南投縣,南投縣,南投縣,南投縣,南投縣,花蓮縣,花蓮縣,花蓮縣,花蓮縣,花蓮縣,花蓮縣,花蓮縣,花蓮縣,花蓮縣,花蓮縣,花蓮縣,花蓮縣,花蓮縣,,,,,,,,,,,,,,,,,,,,,,,,,,,,,,,,,,,,,,,,,,,,,,,,,,,,,
金門縣,,,,,,,,,,,,,,,,,,,,,,,,,,,,,,,,,,,,彰化縣,彰化縣,彰化縣,彰化縣,彰化縣,台中市,台中市,台中市,台中市,台中市,台中市,台中市,台中市,台中市,台中市,台中市,台中市,台中市,台中市,台中市,南投縣,南投縣,南投縣,南投縣,南投縣,南投縣,南投縣,南投縣,南投縣,花蓮縣,花蓮縣,花蓮縣,花蓮縣,花蓮縣,花蓮縣,花蓮縣,花蓮縣,花蓮縣,花蓮縣,花蓮縣,花蓮縣,花蓮縣,花蓮縣,,,,,,,,,,,,,,,,,,,,,,,,,,,,,,,,,,,,,,,,,,,,,,,,,,,,
金門縣,,,,,,,,,,,,,,,,,,,,,,,,,,,,,,,,,,,,,彰化縣,彰化縣,彰化縣,彰化縣,台中市,台中市,台中市,台中市,台中市,台中市,台中市,台中市,台中市,台中市,台中市,台中市,台中市,台中市,台中市,台中市,台中市,南投縣,南投縣,南投縣,南投縣,南投縣,南投縣,南投縣,花蓮縣,花蓮縣,花蓮縣,花蓮縣,花蓮縣,花蓮縣,花蓮縣,花蓮縣,花蓮縣,花蓮縣,花蓮縣,花蓮縣,花蓮縣,花蓮縣,,,,,,,,,,,,,,,,,,,,,,,,,,,,,,,,,,,,,,,,,,,,,,,,,,,,
,,,,,,,,,,,,,,,,,,,,,,,,,,,,,,,,,,,,,,台中市,彰化縣,台中市,台中市,台中市,台中市,台中市,台中市,台中市,台中市,台中市,台中市,台中市,台中市,台中市,台中市,台中市,台中市,台中市,台中市,台中市,南投縣,南投縣,南投縣,南投縣,南投縣,南投縣,南投縣,花蓮縣,花蓮縣,花蓮縣,花蓮縣,花蓮縣,花蓮縣,花蓮縣,花蓮縣,花蓮縣,花蓮縣,花蓮縣,花蓮縣,花蓮縣,,,,,,,,,,,,,,,,,,,,,,,,,,,,,,,,,,,,,,,,,,,,,,,,,,,,
,,,,,,,,,,,,,,,,,,,,,,,,,,,,,,,,,,,,,,台中市,台中市,台中市,台中市,台中市,台中市,台中市,台中市,台中市,台中市,台中市,台中市,台中市,台中市,台中市,台中市,台中市,台中市,台中市,台中市,台中市,台中市,台中市,南投縣,南投縣,南投縣,南投縣,南投縣,南投縣,花蓮縣,花蓮縣,花蓮縣,花蓮縣,花蓮縣,花蓮縣,花蓮縣,花蓮縣,花蓮縣,花蓮縣,花蓮縣,花蓮縣,花蓮縣,花蓮縣,,,,,,,,,,,,,,,,,,,,,,,,,,,,,,,,,,,,,,,,,,,,,,,,,,
,,,,,,,,,,,,,,,,,,,,,,,,,,,,,,,,,,,,,,,台中市,台中市,台中市,台中市,台中市,台中市,台中市,台中市,台中市,台中市,台中市,台中市,台中市,台中市,台中市,台中市,台中市,台中市,台中市,台中市,台中市,台中市,台中市,台中市,台中市,南投縣,台中市,台中市,花蓮縣,花蓮縣,花蓮縣,花蓮縣,花蓮縣,花蓮縣,花蓮縣,花蓮縣,花蓮縣,花蓮縣,花蓮縣,花蓮縣,花蓮縣,花蓮縣,,,,,,,,,,,,,,,,,,,,,,,,,,,,,,,,,,,,,,,,,,,,,,,,,,
,,,,,,,,,,,,,,,,,,,,,,,,,,,,,,,,,,,,,,,台中市,台中市,台中市,台中市,台中市,台中市,台中市,台中市,台中市,台中市,台中市,台中市,台中市,台中市,台中市,台中市,台中市,台中市,台中市,台中市,台中市,台中市,台中市,台中市,台中市,台中市,台中市,台中市,台中市,花蓮縣,花蓮縣,花蓮縣,花蓮縣,花蓮縣,花蓮縣,花蓮縣,花蓮縣,花蓮縣,花蓮縣,花蓮縣,花蓮縣,花蓮縣,花蓮縣,,,,,,,,,,,,,,,,,,,,,,,,,,,,,,,,,,,,,,,,,,,,,,,,,
,,,,,,,,,,,,,,,,,,,,,,,,,,,,,,,,,,,,,,,,台中市,台中市,台中市,台中市,台中市,台中市,台中市,台中市,台中市,台中市,台中市,苗栗縣,苗栗縣,台中市,台中市,台中市,台中市,台中市,台中市,台中市,台中市,台中市,台中市,台中市,台中市,台中市,台中市,台中市,台中市,花蓮縣,花蓮縣,花蓮縣,花蓮縣,花蓮縣,花蓮縣,花蓮縣,花蓮縣,花蓮縣,花蓮縣,花蓮縣,花蓮縣,花蓮縣,,,,,,,,,,,,,,,,,,,,,,,,,,,,,,,,,,,,,,,,,,,,,,,,,
,,,,,,,,,,,,,,,,,,,,,,,,,,,,,,,,,,,,,,,,,台中市,台中市,台中市,台中市,台中市,台中市,台中市,台中市,苗栗縣,苗栗縣,苗栗縣,苗栗縣,台中市,台中市,台中市,苗栗縣,苗栗縣,苗栗縣,苗栗縣,台中市,台中市,台中市,台中市,台中市,台中市,台中市,台中市,台中市,台中市,花蓮縣,花蓮縣,花蓮縣,花蓮縣,花蓮縣,花蓮縣,花蓮縣,花蓮縣,花蓮縣,花蓮縣,花蓮縣,宜蘭縣,,,,,,,,,,,,,,,,,,,,,,,,,,,,,,,,,,,,,,,,,,,,,,,,,
,,,,,,,,,,,,,,,,,,,,,,,,,,,,,,,,,,,,,,,,,,台中市,台中市,台中市,台中市,台中市,苗栗縣,苗栗縣,苗栗縣,苗栗縣,苗栗縣,苗栗縣,苗栗縣,苗栗縣,苗栗縣,苗栗縣,苗栗縣,苗栗縣,苗栗縣,苗栗縣,台中市,台中市,台中市,台中市,台中市,台中市,台中市,台中市,台中市,花蓮縣,花蓮縣,花蓮縣,宜蘭縣,宜蘭縣,宜蘭縣,花蓮縣,花蓮縣,花蓮縣,宜蘭縣,宜蘭縣,宜蘭縣,宜蘭縣,,,,,,,,,,,,,,,,,,,,,,,,,,,,,,,,,,,,,,,,,,,,,,,,
金門縣,,,,,,,,,,,,,,,,,,,,,,,,,,,,,,,,,,,,,,,,,,台中市,台中市,台中市,台中市,苗栗縣,苗栗縣,苗栗縣,苗栗縣,苗栗縣,苗栗縣,苗栗縣,苗栗縣,苗栗縣,苗栗縣,苗栗縣,苗栗縣,苗栗縣,苗栗縣,苗栗縣,苗栗縣,台中市,台中市,台中市,台中市,台中市,台中市,台中市,宜蘭縣,台中市,宜蘭縣,宜蘭縣,宜蘭縣,宜蘭縣,宜蘭縣,宜蘭縣,宜蘭縣,宜蘭縣,宜蘭縣,宜蘭縣,宜蘭縣,宜蘭縣,,,,,,,,,,,,,,,,,,,,,,,,,,,,,,,,,,,,,,,,,,,,,,,,
金門縣,,,,,,,,,,,,,,,,,,,,,,,,,,,,,,,,,,,,,,,,,,,台中市,台中市,苗栗縣,苗栗縣,苗栗縣,苗栗縣,苗栗縣,苗栗縣,苗栗縣,苗栗縣,苗栗縣,苗栗縣,苗栗縣,苗栗縣,苗栗縣,苗栗縣,苗栗縣,苗栗縣,苗栗縣,苗栗縣,苗栗縣,台中市,台中市,台中市,台中市,宜蘭縣,宜蘭縣,宜蘭縣,宜蘭縣,宜蘭縣,宜蘭縣,宜蘭縣,宜蘭縣,宜蘭縣,宜蘭縣,宜蘭縣,宜蘭縣,宜蘭縣,宜蘭縣,宜蘭縣,,,,,,,,,,,,,,,,,,,,,,,,,,,,,,,,,,,,,,,,,,,,,,,,
金門縣,,,,,,,,,,,,,,,,,,,,,,,,,,,,,,,,,,,,,,,,,,,,苗栗縣,苗栗縣,苗栗縣,苗栗縣,苗栗縣,苗栗縣,苗栗縣,苗栗縣,苗栗縣,苗栗縣,苗栗縣,苗栗縣,苗栗縣,苗栗縣,苗栗縣,苗栗縣,苗栗縣,苗栗縣,苗栗縣,苗栗縣,苗栗縣,新竹縣,宜蘭縣,宜蘭縣,宜蘭縣,宜蘭縣,宜蘭縣,宜蘭縣,宜蘭縣,宜蘭縣,宜蘭縣,宜蘭縣,宜蘭縣,宜蘭縣,宜蘭縣,宜蘭縣,宜蘭縣,宜蘭縣,宜蘭縣,宜蘭縣,,,,,,,,,,,,,,,,,,,,,,,,,,,,,,,,,,,,,,,,,,,,,,,
金門縣,,,,,,,,,,,,,,,,,,,,,,,,,,,,,,,,,,,,,,,,,,,,,苗栗縣,苗栗縣,苗栗縣,苗栗縣,苗栗縣,苗栗縣,苗栗縣,苗栗縣,苗栗縣,苗栗縣,苗栗縣,苗栗縣,苗栗縣,苗栗縣,苗栗縣,苗栗縣,苗栗縣,苗栗縣,苗栗縣,苗栗縣,新竹縣,新竹縣,宜蘭縣,宜蘭縣,宜蘭縣,宜蘭縣,宜蘭縣,宜蘭縣,宜蘭縣,宜蘭縣,宜蘭縣,宜蘭縣,宜蘭縣,宜蘭縣,宜蘭縣,宜蘭縣,宜蘭縣,宜蘭縣,宜蘭縣,宜蘭縣,,,,,,,,,,,,,,,,,,,,,,,,,,,,,,,,,,,,,,,,,,,,,,
金門縣,,,,,,,,,,,,,,,,,,,,,,,,,,,,,,,,,,,,,,,,,,,,,苗栗縣,苗栗縣,苗栗縣,苗栗縣,苗栗縣,苗栗縣,苗栗縣,苗栗縣,苗栗縣,苗栗縣,苗栗縣,苗栗縣,苗栗縣,苗栗縣,苗栗縣,苗栗縣,苗栗縣,苗栗縣,苗栗縣,新竹縣,新竹縣,新竹縣,新竹縣,宜蘭縣,宜蘭縣,宜蘭縣,宜蘭縣,宜蘭縣,宜蘭縣,宜蘭縣,宜蘭縣,宜蘭縣,宜蘭縣,宜蘭縣,宜蘭縣,宜蘭縣,宜蘭縣,宜蘭縣,宜蘭縣,宜蘭縣,,,,,,,,,,,,,,,,,,,,,,,,,,,,,,,,,,,,,,,,,,,,,,
金門縣,,,,,,,,,,,,,,,,,,,,,,,,,,,,,,,,,,,,,,,,,,,,,,苗栗縣,苗栗縣,苗栗縣,苗栗縣,苗栗縣,苗栗縣,苗栗縣,苗栗縣,苗栗縣,苗栗縣,苗栗縣,苗栗縣,苗栗縣,苗栗縣,新竹縣,新竹縣,新竹縣,新竹縣,新竹縣,新竹縣,新竹縣,新竹縣,新竹縣,宜蘭縣,宜蘭縣,宜蘭縣,宜蘭縣,宜蘭縣,宜蘭縣,宜蘭縣,宜蘭縣,宜蘭縣,宜蘭縣,宜蘭縣,宜蘭縣,宜蘭縣,宜蘭縣,宜蘭縣,宜蘭縣,,,,,,,,,,,,,,,,,,,,,,,,,,,,,,,,,,,,,,,,,,,,,,
,,,,,,,,,,,,,,,,,,,,,,,,,,,,,,,,,,,,,,,,,,,,,,苗栗縣,苗栗縣,苗栗縣,苗栗縣,苗栗縣,苗栗縣,苗栗縣,苗栗縣,苗栗縣,苗栗縣,苗栗縣,苗栗縣,苗栗縣,新竹縣,新竹縣,新竹縣,新竹縣,新竹縣,新竹縣,新竹縣,新竹縣,新竹縣,新竹縣,宜蘭縣,宜蘭縣,宜蘭縣,宜蘭縣,宜蘭縣,宜蘭縣,宜蘭縣,宜蘭縣,宜蘭縣,宜蘭縣,宜蘭縣,宜蘭縣,宜蘭縣,宜蘭縣,宜蘭縣,宜蘭縣,,,,,,,,,,,,,,,,,,,,,,,,,,,,,,,,,,,,,,,,,,,,,,
,,,,,,,,,,,,,,,,,,,,,,,,,,,,,,,,,,,,,,,,,,,,,,苗栗縣,苗栗縣,苗栗縣,苗栗縣,苗栗縣,苗栗縣,苗栗縣,苗栗縣,苗栗縣,苗栗縣,苗栗縣,苗栗縣,苗栗縣,苗栗縣,新竹縣,新竹縣,新竹縣,新竹縣,新竹縣,新竹縣,新竹縣,新竹縣,新竹縣,宜蘭縣,宜蘭縣,宜蘭縣,宜蘭縣,宜蘭縣,宜蘭縣,宜蘭縣,宜蘭縣,宜蘭縣,宜蘭縣,宜蘭縣,宜蘭縣,宜蘭縣,宜蘭縣,宜蘭縣,宜蘭縣,宜蘭縣,,,,,,,,,,,,,,,,,,,,,,,,,,,,,,,,,,,,,,,,,,,,,
,,,,,,,,,,,,,,,,,,,,,,,,,,,,,,,,,,,,,,,,,,,,,,,苗栗縣,苗栗縣,苗栗縣,苗栗縣,苗栗縣,苗栗縣,苗栗縣,苗栗縣,苗栗縣,苗栗縣,苗栗縣,苗栗縣,新竹縣,新竹縣,新竹縣,新竹縣,新竹縣,新竹縣,新竹縣,新竹縣,新竹縣,新竹縣,桃園市,宜蘭縣,宜蘭縣,宜蘭縣,宜蘭縣,宜蘭縣,宜蘭縣,宜蘭縣,宜蘭縣,宜蘭縣,宜蘭縣,宜蘭縣,宜蘭縣,宜蘭縣,宜蘭縣,宜蘭縣,宜蘭縣,,,,,,,,,,,,,,,,,,,,,,,,,,,,,,,,,,,,,,,,,,,,,
,,,,,,,,,,,,,,,,,,,,,,,,,,,,,,,,,,,,,,,,,,,,,,,,苗栗縣,苗栗縣,苗栗縣,苗栗縣,苗栗縣,苗栗縣,苗栗縣,苗栗縣,苗栗縣,苗栗縣,新竹縣,新竹縣,新竹縣,新竹縣,新竹縣,新竹縣,新竹縣,新竹縣,新竹縣,新竹縣,新竹縣,桃園市,宜蘭縣,宜蘭縣,宜蘭縣,宜蘭縣,宜蘭縣,宜蘭縣,宜蘭縣,宜蘭縣,宜蘭縣,宜蘭縣,宜蘭縣,宜蘭縣,宜蘭縣,宜蘭縣,宜蘭縣,,,,,,,,,,,,,,,,,,,,,,,,,,,,,,,,,,,,,,,,,,,,,,
,,,,,,,,,,,,,,,,,,,,,,,,,,,,,,,,,,,,,,,,,,,,,,,,,苗栗縣,苗栗縣,苗栗縣,苗栗縣,苗栗縣,苗栗縣,苗栗縣,新竹縣,新竹縣,新竹縣,新竹縣,新竹縣,新竹縣,新竹縣,新竹縣,新竹縣,新竹縣,新竹縣,新竹縣,桃園市,桃園市,宜蘭縣,宜蘭縣,宜蘭縣,宜蘭縣,宜蘭縣,宜蘭縣,宜蘭縣,宜蘭縣,宜蘭縣,宜蘭縣,宜蘭縣,宜蘭縣,宜蘭縣,宜蘭縣,,,,,,,,,,,,,,,,,,,,,,,,,,,,,,,,,,,,,,,,,,,,,,,
,,,,,,,,,,,,,,,,,,,,,,,,,,,,,,,,,,,,,,,,,,,,,,,,,,,苗栗縣,苗栗縣,苗栗縣,苗栗縣,苗栗縣,新竹縣,新竹縣,新竹縣,新竹縣,新竹縣,新竹縣,新竹縣,新竹縣,新竹縣,新竹縣,新竹縣,桃園市,桃園市,桃園市,桃園市,桃園市,新北市,宜蘭縣,宜蘭縣,宜蘭縣,宜蘭縣,宜蘭縣,宜蘭縣,宜蘭縣,宜蘭縣,宜蘭縣,宜蘭縣,宜蘭縣,,,,,,,,,,,,,,,,,,,,,,,,,,,,,,,,,,,,,,,,,,,,,,,
,,,,,,,,,,,,,,,,,,,,,,,,,,,,,,,,,,,,,,,,,,,,,,,,,,,苗栗縣,苗栗縣,苗栗縣,新竹縣,新竹縣,新竹縣,新竹縣,新竹縣,新竹縣,新竹縣,新竹縣,新竹縣,新竹縣,新竹縣,新竹縣,新竹縣,桃園市,桃園市,桃園市,桃園市,新北市,新北市,新北市,新北市,宜蘭縣,宜蘭縣,宜蘭縣,宜蘭縣,宜蘭縣,宜蘭縣,宜蘭縣,宜蘭縣,宜蘭縣,,,,,,,,,,,,,,,,,,,,,,,,,,,,,,,,,,,,,,,,,,,,,,,
,,,,,,,,,,,,,,,,,,,,,,,,,,,,,,,,,,,,,,,,,,,,,,,,,,,,新竹市,新竹市,新竹縣,新竹縣,新竹縣,新竹縣,新竹縣,新竹縣,新竹縣,新竹縣,新竹縣,新竹縣,新竹縣,新竹縣,新竹縣,桃園市,桃園市,桃園市,桃園市,新北市,新北市,新北市,新北市,宜蘭縣,宜蘭縣,宜蘭縣,宜蘭縣,宜蘭縣,宜蘭縣,宜蘭縣,宜蘭縣,宜蘭縣,,,,,,,,,,,,,,,,,,,,,,,,,,,,,,,,,,,,,,,,,,,,,,,
,,,,,,,,,,,,,,,,,,,,,,,,,,,,,,,,,,,,,,,,,,,,,,,,,,,,新竹市,新竹市,新竹市,新竹縣,新竹縣,新竹縣,新竹縣,新竹縣,新竹縣,新竹縣,新竹縣,新竹縣,新竹縣,新竹縣,桃園市,桃園市,桃園市,桃園市,桃園市,新北市,新北市,新北市,新北市,宜蘭縣,宜蘭縣,宜蘭縣,宜蘭縣,宜蘭縣,宜蘭縣,宜蘭縣,宜蘭縣,,,,,,,,,,,,,,,,,,,,,,,,,,,,,,,,,,,,,,,,,,,,,,,,
,,,,,,,,,,,,,,,,,,,,,,,,,,,,,,,,,,,,,,,,,,,,,,,,,,,,新竹市,新竹市,新竹市,新竹縣,新竹縣,新竹縣,新竹縣,新竹縣,新竹縣,新竹縣,新竹縣,新竹縣,新竹縣,桃園市,桃園市,桃園市,桃園市,桃園市,桃園市,新北市,新北市,新北市,新北市,新北市,宜蘭縣,宜蘭縣,宜蘭縣,宜蘭縣,宜蘭縣,宜蘭縣,宜蘭縣,宜蘭縣,,,,,,,,,,,,,,,,,,,,,,,,,,,,,,,,,,,,,,,,,,,,,,,
,,,,,,,,,,,,,,,,,,,,,,,,,,,,,,,,,,,,,,,,,,,,,,,,,,,,,新竹市,新竹縣,新竹縣,新竹縣,新竹縣,新竹縣,新竹縣,新竹縣,新竹縣,桃園市,桃園市,桃園市,桃園市,桃園市,桃園市,桃園市,桃園市,新北市,新北市,新北市,新北市,新北市,新北市,新北市,新北市,宜蘭縣,宜蘭縣,宜蘭縣,宜蘭縣,宜蘭縣,宜蘭縣,,,宜蘭縣,宜蘭縣,,,,,,,,,,,,,,,,,,,,,,,,,,,,,,,,,,,,,,,,,,,
,,,,,,,,,,,,,,,,,,,,,,,,,,,,,,,,,,,,,,,,,,,,,,,,,,,,,新竹縣,新竹縣,新竹縣,新竹縣,新竹縣,新竹縣,新竹縣,新竹縣,新竹縣,桃園市,桃園市,桃園市,桃園市,桃園市,桃園市,新北市,新北市,新北市,新北市,新北市,新北市,新北市,新北市,新北市,新北市,新北市,新北市,宜蘭縣,宜蘭縣,宜蘭縣,宜蘭縣,,,,,,,,,,,,,,,,,,,,,,,,,,,,,,,,,,,,,,,,,,,,,,,
,,,,,,,,,,,,,,,,,,,,,,,,,,,,,,,,,,,,,,,,,,,,,,,,,,,,,,新竹縣,新竹縣,新竹縣,新竹縣,新竹縣,新竹縣,新竹縣,桃園市,桃園市,桃園市,桃園市,桃園市,桃園市,桃園市,新北市,新北市,新北市,新北市,新北市,新北市,新北市,新北市,新北市,新北市,新北市,新北市,新北市,宜蘭縣,宜蘭縣,宜蘭縣,宜蘭縣,,,,,,,,,,,,,,,,,,,,,,,,,,,,,,,,,,,,,,,,,,,,,,
,,,,,,,,,,,,,,,,,,,,,,,,,,,,,,,,,,,,,,,,,,,,,,,,,,,,,,,新竹縣,新竹縣,新竹縣,新竹縣,桃園市,桃園市,桃園市,桃園市,桃園市,桃園市,桃園市,桃園市,桃園市,新北市,新北市,新北市,新北市,新北市,新北市,新北市,新北市,新北市,新北市,新北市,新北市,新北市,新北市,新北市,宜蘭縣,宜蘭縣,宜蘭縣,,,,,,,,,,,,,,,,,,,,,,,,,,,,,,,,,,,,,,,,,,,,,
,,,,,,,,,,,,,,,,,,,,,,,,,,,,,,,,,,,,,,,,,,,,,,,,,,,,,,,桃園市,桃園市,桃園市,桃園市,桃園市,桃園市,桃園市,桃園市,桃園市,桃園市,桃園市,桃園市,桃園市,新北市,新北市,新北市,新北市,新北市,新北市,新北市,新北市,新北市,新北市,新北市,新北市,新北市,新北市,新北市,宜蘭縣,宜蘭縣,宜蘭縣,宜蘭縣,,,,,,,,,,,,,,,,,,,,,,,,,,,,,,,,,,,,,,,,,,,,
,,,,,金門縣,金門縣,,,,,,,,,,,,,,,,,,,,,,,,,,,,,,,,,,,,,,,,,,,,,,,,,,桃園市,桃園市,桃園市,桃園市,桃園市,桃園市,桃園市,桃園市,桃園市,桃園市,桃園市,桃園市,桃園市,桃園市,新北市,新北市,新北市,新北市,新北市,新北市,新北市,新北市,新北市,新北市,新北市,新北市,新北市,新北市,宜蘭縣,宜蘭縣,宜蘭縣,宜蘭縣,,,,,,,,,,,,,,,,,,,,,,,,,,,,,,,,,,,,,,,,,,,
,,,,,,,,,,,,,,,,,,,,,,,,,,,,,,,,,,,,,,,,,,,,,,,,,,,,,,,,桃園市,桃園市,桃園市,桃園市,桃園市,桃園市,桃園市,桃園市,桃園市,桃園市,桃園市,桃園市,桃園市,桃園市,新北市,新北市,新北市,新北市,台北市,新北市,新北市,新北市,新北市,新北市,新北市,新北市,新北市,新北市,新北市,新北市,新北市,新北市,新北市,,,,,,,,,,,,,,,,,,,,,,,,,,,,,,,,,,,,,,,,,,
,,,,,,,,,,,,,,,,,,,,,,,,,,,,,,,,,,,,,,,,,,,,,,,,,,,,,,,,,桃園市,桃園市,桃園市,桃園市,桃園市,桃園市,桃園市,桃園市,桃園市,桃園市,桃園市,桃園市,桃園市,新北市,新北市,新北市,台北市,台北市,台北市,新北市,新北市,新北市,新北市,新北市,新北市,新北市,新北市,新北市,新北市,新北市,新北市,新北市,,,,,,,,,,,,,,,,,,,,,,,,,,,,,,,,,,,,,,,,,,
,,,,,,,,,,,,,,,,,,,,,,,,,,,,,,,,,,,,,,,,,,,,,,,,,,,,,,,,,,桃園市,桃園市,桃園市,桃園市,桃園市,桃園市,桃園市,桃園市,桃園市,桃園市,桃園市,新北市,新北市,新北市,新北市,台北市,台北市,台北市,新北市,新北市,新北市,新北市,新北市,新北市,新北市,新北市,新北市,新北市,新北市,,,,,,,,,,,,,,,,,,,,,,,,,,,,,,,,,,,,,,,,,,,,
,,,,,,,,,,,,,,,,,,,,,,,,,,,,,,,,,,,,,,,,,,,,,,,,,,,,,,,,,,,,,桃園市,桃園市,桃園市,桃園市,桃園市,桃園市,桃園市,新北市,新北市,新北市,新北市,新北市,台北市,台北市,新北市,新北市,新北市,新北市,基隆市,新北市,新北市,新北市,新北市,新北市,新北市,新北市,,,,,,,,,,,,,,,,,,,,,,,,,,,,,,,,,,,,,,,,,,,,
,,,,,,,,,,,,,,,,,,,,,,,,,,,,,,,,,,,,,,,,,,,,,,,,,,,,,,,,,,,,,,,桃園市,桃園市,桃園市,新北市,新北市,新北市,新北市,新北市,新北市,台北市,台北市,台北市,新北市,新北市,新北市,基隆市,基隆市,新北市,新北市,新北市,新北市,新北市,新北市,新北市,,,,,,,,,,,,,,,,,,,,,,,,,,,,,,,,,,,,,,,,,,,,
,,,,,,,,,,,,,,,,,,,,,,,,,,,,,,,,,,,,,,,,,,,,,,,,,,,,,,,,,,,,,,桃園市,,,,,新北市,新北市,新北市,新北市,新北市,新北市,台北市,台北市,新北市,新北市,新北市,新北市,基隆市,基隆市,基隆市,新北市,新北市,,,,,,,,,,,,,,,,,,,,,,,,,,,,,,,,,,,,,,,,,,,,,,,
,,,,,,,,,,,,,,,,,,,,,,,,,,,,,,,,,,,,,,,,,,,,,,,,,,,,,,,,,,,,,,,,,,,新北市,新北市,新北市,新北市,新北市,新北市,新北市,台北市,新北市,新北市,新北市,新北市,新北市,基隆市,基隆市,,,,,,,,,,,,,,,,,,,,,,,,,,,,,,,,,,,,,,,,,,,,,,,,,
,,,,,,,,,,,,,,,,,,,,,,,,,,,,,,,,,,,,,,,,,,,,,,,,,,,,,,,,,,,,,,,,,,,,,新北市,新北市,新北市,新北市,新北市,新北市,新北市,新北市,新北市,新北市,,,基隆市,,,,,,,,,,,,,,,,,,,,,,,,,,,,,,,,,,,,,,,,,,,,,,,,,
,,,,,,,,,,,,,,,,,,,,,,,,,,,,,,,,,,,,,,,,,,,,,,,,,,,,,,,,,,,,,,,,,,,,,,新北市,新北市,新北市,新北市,新北市,新北市,新北市,新北市,新北市,,,,,,,,,,,,,,,,,,,,,,,,,,,,,,,,,,,,,,,,,,,,,,,,,,,,
,,,,,,,,,,,,,,,,,,,,,,,,,,,,,,,,,,,,,,,,,,,,,,,,,,,,,,,,,,,,,,,,,,,,,,新北市,新北市,新北市,新北市,新北市,新北市,新北市,,,,,,,,,,,,,,,,,,,,,,,,,,,,,,,,,,,,,,,,,,,,,,,,,,,,,,
,,,,,,,,,,,,,,,,,,,,,,,,,,,,,,,,,,,,,,,,,,,,,,,,,,,,,,,,,,,,,,,,,,,,,,,新北市,新北市,新北市,新北市,新北市,新北市,,,,,,,,,,,,,,,,,,,,,,,,,,,,,,,,,,,,,,,,,,,,,,,,,,,,,,
,,,,,,,,,,,,,,,,,,,,,,,,,,,,,,,,,,,,,,,,,,,,,,,,,,,,,,,,,,,,,,,,,,,,,,,,,,,,,,,,,,,,,,,,,,,,,,,,,,,,,,,,,,,,,,,,,,,,,,,,,,,,,,,,,,
,,,,,,,,,,,,,,,,,,,,,,,,,,,,,,,,,,,,,,,,,,,,,,,,,,,,,,,,,,,,,,,,,,,,,,,,,,,,,,,,,,,,,,,,,,,,,,,,,,,,,,,,,,,,,,,,,,,,,,,,,,,,,,,,,,
,,,,,,,,,,,,,,,,,,,,,,,,,,,,,,,,,,,,,,,,,,,,,,,,,,,,,,,,,,,,,,,,,,,,,,,,,,,,,,,,,,,,,,,,,,,,,,,,,,,,,,,,,,,,,,,,,,,,,,,,,,,,,,,,,,
,,,,,,,,,,,,,,,,,,,,,,,,,,,,,,,,,,,,,,,,,,,,,,,,,,,,,,,,,,,,,,,,,,,,,,,,,,,,,,,,,,,,,,,,,,,,,,,,,,,,,,,,,,,,,,,,,,,,,,,,,,,,,,,,,,
,,,,,,,,,,,,,,,,,,,,連江縣,連江縣,連江縣,連江縣,連江縣,連江縣,連江縣,,,,連江縣,連江縣,,,,,連江縣,,連江縣,連江縣,連江縣,,,,,,,,,,,,,,,,,,,,,,,,,,,,,,,,,,,,,,,,,,,,,,,,,,,,,,,,,,,,,,,,,,,,,,,,,,,,,,,,,,,,,,,,,,
